time,type,thing,fisher,weight,worth,total
1717290271110,epic,Shrimp Toy,zoskyb,1.07,107,457
1717290424905,uncommon,Sea Urchin,andrearghos,0.17,26,27
1717290606099,uncommon,Murex Shellfish,necroso7,0.47,38,418
1717290678502,common,Mussel,alex888ru,0.1,10,114
1717290783172,common,Black Redeye,surfeus,43,32,222
1717290808611,epic,Eagle Ray,thanossoul,225,214,232
1717290952229,common,Pike,JohnnyQuizz,0.94,9,433
1717291130220,common,Barracuda,andrearghos,8.2,27,54
1717291151565,junk,Vape,lightb0011,0.17,9,520
1717291261132,uncommon,Frontosa Cichlid,necroso7,0.43,30,448
1717291388536,common,Black Redeye,giggles3888,37,28,494
1717291416451,junk,CB Longneck,staggerrilla,0.22,2,596
1717291437961,common,Blue Discus,bleepbloopinbot,0.17,17,518
1717291461097,rare,Red Discus,surfeus,0.44,99,321
1717291541363,junk,Funny Metal Tubes,crayzeyez,0.16,2,2
1717291574479,uncommon,Oyster,JohnnyQuizz,0.43,52,485
1717291629312,rare,Emperor Angelfish,JohnnyQuizz,1.54,72,557
1717291664028,common,Pike,alex888ru,0.9,9,123
1717291846850,common,Perch,thanossoul,2.49,25,257
1717291871118,epic,Leatherback Turtle,lightb0011,445,156,676
1717291951461,rare,Rainbow Cichlid,necroso7,0.46,60,508
1717292104768,common,Black Redeye,alex888ru,39,30,153
1717292517889,rare,Piranha,drage88,0.8,64,64
1717292551745,junk,Funny Metal Tubes,JohnnyQuizz,0.19,2,559
1717292573661,uncommon,Red Eye Fish,surfeus,2.69,38,359
1717292595020,common,Pike,lightb0011,0.91,9,685
1717292621487,legendary,Croissant Shark,necroso7,1.07,266,774
1717292642674,junk,Thong,drage88,0.2,2,66
1717292664202,common,Mackerel,hehebhdjd,1.85,18,18
1717292685768,common,Mackerel,staggerrilla,2.14,21,617
1717292708163,rare,Nimbochromis,bleepbloopinbot,2.85,62,580
1717292729922,uncommon,Sea Urchin,JohnnyQuizz,0.21,31,590
1717292751246,common,Pike,hehebhdjd,0.9,9,27
1717292773766,uncommon,Lobster,thanossoul,0.97,68,325
1717292795766,uncommon,Streaked Spinefoot,giggles3888,0.21,42,536
1717292817404,common,Barracuda,lightb0011,7.5,25,710
1717292841964,epic,Yellow Mandarin Fish,JohnnyQuizz,0.19,169,759
1717292863301,junk,Vape,drage88,0.16,8,74
1717292884773,common,Trout,crayzeyez,1.05,16,18
1717293102616,junk,Thong,crayzeyez,0.21,2,20
1717293160506,rare,Parrot Fish,JohnnyQuizz,1.86,65,824
1717293226649,rare,Clownfish,necroso7,0.17,75,849
1717293248152,common,Trout,JohnnyQuizz,1.1,17,841
1717293272722,uncommon,Starfish,JohnnyQuizz,0.11,33,874
1717293397790,rare,Arapaima,lightb0011,82,82,792
1717293419159,junk,Some Keys,JohnnyQuizz,0.22,11,885
1717293485148,rare,Clownfish,JohnnyQuizz,0.21,93,978
1717293582983,rare,Nimbochromis,JohnnyQuizz,2.41,52,1030
1717293617007,junk,Traffic Cone,lightb0011,0.96,8,800
1717293638573,common,Mackerel,giggles3888,2.04,20,556
1717293661514,rare,Red Discus,crayzeyez,0.4,91,111
1717293684124,uncommon,Oyster,surfeus,0.41,50,409
1717293705672,common,Black Spotted Grunt,JohnnyQuizz,4.67,19,1049
1717293728669,rare,Marlin,zoskyb,277,92,549
1717293816740,junk,Thong,staggerrilla,0.2,2,619
1717293838508,common,Barracuda,bleepbloopinbot,8.6,29,609
1717293859698,junk,Funny Metal Tubes,thanossoul,0.21,2,327
1717293927193,junk,VHS Tape,JohnnyQuizz,0.41,16,1065
1717294146954,epic,Moorish Idol,lightb0011,2.16,195,995
1717294170893,rare,Orangespined Unicornfish,necroso7,1.08,81,930
1717294308814,common,Barracuda,CHUCKY_XS,9.6,32,340
1717294491356,uncommon,Golden Redeye Rudd,giggles3888,0.84,42,598
1717294618267,rare,Sunfish,zoskyb,938,104,653
1717294679065,common,Black Spotted Grunt,surfeus,4.34,17,426
1717294708159,rare,Nimbochromis,JohnnyQuizz,2.48,54,1119
1717294859396,epic,Sponge,necroso7,0.09,2,932
1717294893264,uncommon,Koi,lightb0011,13.4,53,1048
1717295018447,rare,Clownfish,staggerrilla,0.16,72,691
1717295040336,uncommon,Frontosa Cichlid,bleepbloopinbot,0.55,38,647
1717295063749,common,Black Redeye,thanossoul,33,25,352
1717295091502,junk,Skateboard,boris_xrenpopadesh,2.58,43,43
1717295117143,common,Salmon,JohnnyQuizz,3.82,29,1148
1717295202449,junk,Nugget,giggles3888,0.22,2,600
1717295310136,junk,Weird Drawing of a Fish?,JohnnyQuizz,0.56,11,1159
1717295399018,legendary,Great White Shark,surfeus,1,443,869
1717295420224,junk,Branch,CHUCKY_XS,0.42,2,342
1717295516225,common,Black Spotted Grunt,lightb0011,5.2,21,1069
1717295544080,epic,Old PC,JohnnyQuizz,21,209,1368
1717295566902,uncommon,Triggerfish,necroso7,18.3,83,1015
1717295588273,junk,Trolley,crayzeyez,21,11,122
1717295873234,junk,Coffee Cup,thanossoul,0.17,2,354
1717295913407,rare,Nimbochromis,JohnnyQuizz,3.32,72,1440
1717296108233,junk,Henry's Shoe,giggles3888,1.83,5,605
1717296132878,junk,Traffic Cone,JohnnyQuizz,0.95,8,1448
1717296187299,uncommon,Peacock Bass,surfeus,7.4,46,915
1717296217418,common,Salmon,staggerrilla,3.46,26,717
1717296239281,uncommon,Scrapermouth Mbuna,bleepbloopinbot,0.18,35,682
1717296263450,epic,Powderblue Tang,JohnnyQuizz,0.75,150,1598
1717296284638,junk,Coffee Cup,necroso7,0.16,2,1017
1717296306148,common,Mackerel,lightb0011,1.74,17,1086
1717296351207,common,Black Redeye,zoskyb,44,33,686
1717296531293,uncommon,Starfish,JohnnyQuizz,0.11,32,1630
1717296592271,common,Atlantic Cod,thanossoul,42,31,385
1717296613706,common,Trout,JohnnyQuizz,0.89,13,1643
1717296879840,junk,Can,giggles3888,0.52,5,610
1717296901991,junk,Scooter,JohnnyQuizz,14.3,48,1691
1717296924583,rare,Orangespined Unicornfish,lightb0011,0.96,72,1158
1717296945867,junk,Fish Cracker,andrearghos,0.56,6,60
1717296987615,common,Pike,necroso7,1.06,11,1028
1717297337430,common,Barracuda,thanossoul,8.8,29,29
1717297359523,junk,Trolley,JohnnyQuizz,22,11,11
1717297386285,legendary,Croissant Shark,surfeus,1.12,281,281
1717297417233,junk,Trolley,staggerrilla,19.2,10,10
1717297438450,junk,Branch,bleepbloopinbot,0.51,2,2
1717297655931,junk,Soda Can,necroso7,0.09,1,1
1717298127895,rare,Nimbochromis,surfeus,2.63,57,338
1717298556748,rare,Piranha,necroso7,1.1,88,89
1717298619569,epic,Lion Fish,staggerrilla,1.02,122,132
1717298642617,rare,Clownfish,bleepbloopinbot,0.21,95,97
1717298678550,common,Black Spotted Grunt,teegreeen,4.32,17,17
1717298966149,uncommon,Oyster,sasha5889,0.47,57,57
1717299110290,rare,Olive Ridley Turtle,lightb0011,43,85,85
1717299224739,common,Black Spotted Grunt,necroso7,4.76,19,108
1717299817383,junk,Trolley,staggerrilla,16.4,8,140
1717299841616,epic,Powderblue Tang,bleepbloopinbot,0.71,143,240
1717299862593,junk,Nugget,crayzeyez,0.22,2,2
1717299925413,uncommon,Golden Redeye Rudd,dillmercy,0.67,34,34
1717299960355,common,Blue Discus,necroso7,0.18,18,126
1717300215621,junk,Coffee Cup,surfeus,0.21,2,340
1717300721558,junk,Henry's Shoe,necroso7,1.71,4,130
1717300898066,uncommon,Sea Urchin,surfeus,0.19,29,369
1717300929737,rare,Parrot Fish,LEONwubwub,1.79,62,62
1717301020947,epic,Orange Mandarin Fish,staggerrilla,0.2,178,318
1717301042272,common,Mussel,bleepbloopinbot,0.09,9,249
1717301206803,junk,Broken Sword,crayzeyez,1.11,111,113
1717301413919,common,Black Spotted Grunt,necroso7,5.2,21,151
1717301557812,common,Carp,giggles3888,8.5,16,16
1717302042109,junk,Funny Metal Tubes,sasha5889,0.18,2,59
1717302160652,junk,Branch,surfeus,0.43,2,371
1717302182363,uncommon,Starfish,necroso7,0.09,27,178
1717302218347,uncommon,Rabbitfish,staggerrilla,2.15,38,356
1717302239843,common,Trout,bleepbloopinbot,1.13,17,266
1717302420513,junk,Tire,madagascaradam,29,10,10
1717302749748,rare,Orange-Spotted Spinefoot,sasha5889,0.08,57,116
1717302770954,junk,Thong,ragnar175,0.19,2,2
1717302837850,junk,Coffee Cup,necroso7,0.19,2,180
1717302859998,junk,CB Longneck,surfeus,0.2,2,373
1717302913696,common,Pike,crayzeyez,0.92,9,122
1717303164604,epic,Powderblue Tang,madagascaradam,0.76,152,162
1717303408139,epic,Yellow Mandarin Fish,giggles3888,0.19,175,191
1717303430103,uncommon,Murex Shellfish,staggerrilla,0.5,40,396
1717303451570,common,Blue Discus,bleepbloopinbot,0.16,16,282
1717303887324,junk,CB Longneck,necroso7,0.22,2,182
1717304060663,uncommon,Streaked Spinefoot,ragnar175,0.2,39,41
1717304153719,rare,Arapaima,lightb0011,104,104,189
1717304280790,uncommon,Fish Fillet Burger,madagascaradam,0.83,4,166
1717304529171,junk,Trolley,necroso7,16.4,8,190
1717304551033,uncommon,Streaked Spinefoot,CHUCKY_XS,0.17,35,35
1717304618759,uncommon,Peacock Bass,staggerrilla,7.4,46,442
1717304640335,common,Mackerel,bleepbloopinbot,2,20,302
1717304863272,junk,CB Longneck,Hyper_Spectrum,0.22,2,2
1717305053403,junk,Traffic Cone,giggles3888,1.09,9,200
1717305219522,common,Black Spotted Grunt,necroso7,4.42,18,208
1717305554811,uncommon,Fish Fillet Burger,meneldur,0.98,5,5
1717305599468,common,Hermit Crab,ragnar175,1.06,21,62
1717305653275,epic,Orange Mandarin Fish,hehebhdjd,0.2,177,177
1717305675931,rare,Orangespined Unicornfish,hehebhdjd,1,75,252
1717305697768,common,Salmon,hehebhdjd,4.49,34,286
1717305718982,junk,Nugget,hehebhdjd,0.22,2,288
1717305740256,junk,Can,hehebhdjd,0.54,5,293
1717305763616,epic,Orange Discus,hehebhdjd,0.3,111,404
1717305785425,junk,Bike,hehebhdjd,10.7,32,436
1717305818033,junk,Thong,staggerrilla,0.18,2,444
1717305839553,common,Hermit Crab,bleepbloopinbot,0.93,19,321
1717305994104,epic,Orange Discus,necroso7,0.28,101,309
1717306017725,epic,Lion Fish,sasha5889,1.02,122,238
1717306089719,common,Salmon,le_bouffon_de_foucault,3.69,28,28
1717306435892,common,Mackerel,andrearghos,1.8,18,18
1717306458306,rare,Nimbochromis,sione89,2.87,62,62
1717306558572,rare,Red Discus,crayzeyez,0.43,97,219
1717306617648,common,Perch,sstop1231,3.02,30,30
1717306720672,common,Mackerel,necroso7,1.88,19,328
1717307018642,junk,Bike,staggerrilla,8.9,27,471
1717307040893,junk,Scooter,bleepbloopinbot,16.6,55,376
1717307064821,epic,Foureye Butterflyfish,surfeus,0.18,139,512
1717307086344,common,Black Spotted Grunt,lightb0011,4.43,18,207
1717307355766,common,Mussel,leonidovy4,0.1,10,10
1717307377489,uncommon,Sea Urchin,andireb,0.19,28,28
1717307413343,junk,Traffic Cone,necroso7,1.05,8,336
1717307505064,junk,Skateboard,giggles3888,2.59,43,243
1717307618598,legendary,Joel the Sturgeon,sione89,310,310,372
1717307661409,common,Atlantic Cod,crayzeyez,35,27,246
1717307684503,rare,Red Discus,sirhunterr,0.42,94,94
1717308025904,rare,Red Discus,necroso7,0.37,83,419
1717308067907,rare,Green Sea Turtle,sasha5889,153,67,305
1717308218985,common,Trout,staggerrilla,0.92,14,485
1717308240459,common,Black Spotted Grunt,bleepbloopinbot,4.18,17,393
1717308315040,uncommon,Golden Redeye Rudd,leonidovy4,0.68,34,44
1717308340402,epic,Old PC,surfeus,21,209,721
1717308554575,uncommon,Butterfly Fish,madagascaradam,0.09,39,205
1717308642491,junk,Fish Cracker,necroso7,0.53,5,424
1717308982307,uncommon,Koi,lightb0011,15.2,60,267
1717309029565,junk,Henry's Shoe,sasha5889,1.96,5,310
1717309052532,rare,Red Discus,surfeus,0.4,89,810
1717309073850,junk,Mug,cagliostro_games,0.47,9,9
1717309198291,uncommon,Streaked Spinefoot,sirhunterr,0.19,39,133
1717309251630,uncommon,Watch,necroso7,0.22,55,479
1717309273065,common,Trout,madagascaradam,0.95,14,219
1717309418921,uncommon,Starfish,staggerrilla,0.1,31,516
1717309440852,uncommon,Rabbitfish,bleepbloopinbot,2.17,38,431
1717309716383,common,Hermit Crab,crayzeyez,1.1,22,268
1717309776884,uncommon,Butterfly Fish,sstop1231,0.1,47,77
1717309884595,junk,Soda Can,kot1001,0.1,1,1
1717309905794,junk,Branch,necroso7,0.51,2,481
1717310316911,uncommon,Peacock Bass,andrearghos,7.6,47,65
1717310553867,junk,VHS Tape,necroso7,0.55,22,503
1717310577984,uncommon,Rabbitfish,2vlkn4,2.04,36,36
1717310600623,rare,Oreochromis,lightb0011,2.21,74,341
1717310621989,common,Mussel,staggerrilla,0.11,11,527
1717310643817,uncommon,Red Eye Fish,bleepbloopinbot,2.35,33,464
1717310809888,rare,Jellyfish Plushie,sasha5889,0.5,91,401
1717310940626,common,Salmon,le_bouffon_de_foucault,4.46,33,61
1717310962058,common,Trout,alfiMS,0.95,14,14
1717311088832,common,Perch,andrearghos,2.67,27,92
1717311163263,common,Perch,sirhunterr,3.27,33,166
1717311200277,junk,Trolley,necroso7,16.9,8,511
1717311276113,epic,Shrimp Toy,leonidovy4,1.05,105,149
1717311591862,epic,Lion Fish,sione89,1.12,135,507
1717311613925,uncommon,Koi,crayzeyez,11.6,46,314
1717311739339,common,Atlantic Cod,madagascaradam,44,33,252
1717311819837,common,Black Redeye,staggerrilla,33,24,551
1717311841043,junk,Nugget,bleepbloopinbot,0.23,2,466
1717311864296,common,Perch,necroso7,2.82,28,539
1717311953288,common,Salmon,crayzeyez,3.25,24,338
1717311974485,junk,Nugget,alfiMS,0.19,2,16
1717312011106,rare,Arapaima,lightb0011,101,101,442
1717312192768,rare,Emperor Angelfish,leonidovy4,1.54,72,221
1717312299956,common,Mussel,CHUCKY_XS,0.09,9,44
1717312557154,rare,Sailfish,necroso7,77,99,638
1717312669540,junk,Thong,t0x1nXz,0.2,2,2
1717312762951,uncommon,Murex Shellfish,lightb0011,0.56,44,486
1717312869127,common,Salmon,kolyaoleksyuk,3.98,30,30
1717312940872,uncommon,Scrapermouth Mbuna,leonidovy4,0.18,37,258
1717312962256,common,Mussel,sirhunterr,0.11,11,177
1717312984092,uncommon,Scrapermouth Mbuna,stecherdesgrauens,0.18,35,35
1717313019169,junk,Traffic Cone,staggerrilla,1.11,9,560
1717313041729,rare,Nimbochromis,bleepbloopinbot,3.26,71,537
1717313163891,uncommon,Murex Shellfish,necroso7,0.48,39,677
1717313302274,junk,CB Longneck,andrearghos,0.16,2,94
1717313420948,rare,Orange-Spotted Spinefoot,t0x1nXz,0.1,69,71
1717313612294,uncommon,Sea Urchin,stecherdesgrauens,0.17,26,61
1717313744474,common,Blue Discus,sirhunterr,0.2,20,197
1717313835739,rare,Arapaima,teegreeen,86,86,103
1717313857133,common,Trout,sasha5889,0.83,12,413
1717314021043,epic,Eagle Ray,leonidovy4,204,194,452
1717314042313,uncommon,Fish Fillet Burger,wiseshadow1990,1.08,5,5
1717314069028,rare,Rubber Ducky,lightb0011,0.11,107,593
1717314188983,uncommon,Watch,alfiMS,0.22,55,71
1717314219714,junk,Bike,staggerrilla,10.4,31,591
1717314241756,uncommon,Murex Shellfish,bleepbloopinbot,0.56,45,582
1717314323133,epic,Orange Discus,CHUCKY_XS,0.26,94,138
1717314657234,junk,Scooter,crayzeyez,16.6,55,393
1717314691617,junk,Can,lightb0011,0.52,5,598
1717314838004,uncommon,Triggerfish,Chimepa1,21,95,95
1717315419389,common,Mussel,staggerrilla,0.08,8,599
1717315440990,common,Black Spotted Grunt,bleepbloopinbot,5.6,22,604
1717315462701,uncommon,Starfish,lightb0011,0.09,28,626
1717315662418,rare,Arapaima,BeepsBPS,92,92,92
1717315790989,common,Salmon,ReioKimura,4.37,33,33
1717316236021,epic,Shrimp Toy,CHUCKY_XS,0.95,95,233
1717316330925,uncommon,Scrapermouth Mbuna,lightb0011,0.21,43,669
1717316352860,uncommon,Red Eye Fish,Chimepa1,2.8,39,134
1717316418687,common,Perch,leonidovy4,2.98,30,482
1717316619454,junk,Fish Cracker,staggerrilla,0.52,5,604
1717316641158,junk,Bike,bleepbloopinbot,8.8,27,631
1717316791155,rare,Clownfish,mva255,0.18,79,79
1717317020658,junk,Henry's Shoe,Chimepa1,2.01,5,139
1717317124845,junk,Some Keys,CHUCKY_XS,0.19,9,242
1717317146543,junk,Bike,sasha5889,9,27,440
1717317324454,legendary,Manta Ray,alfiMS,1,544,615
1717317346868,rare,Parrot Fish,lightb0011,1.76,62,731
1717317483245,common,Mackerel,Ura3535,1.71,17,17
1717317807478,legendary,Manta Ray,CHUCKY_XS,1,528,770
1717317830123,uncommon,Triggerfish,staggerrilla,16.6,75,679
1717317851936,uncommon,Streaked Spinefoot,bleepbloopinbot,0.16,33,664
1717317946616,rare,Oreochromis,stecherdesgrauens,2,67,128
1717317968921,rare,Green Sea Turtle,Chimepa1,134,59,198
1717318027807,epic,Swordfish,athne1,271,217,217
1717318049948,junk,Scooter,sasha5889,14.7,49,489
1717318117788,common,Mackerel,miflames,2.11,21,21
1717318298295,rare,Tuna,sirhunterr,245,117,314
1717318703741,common,Barracuda,kolyaoleksyuk,9,30,60
1717318856422,common,Mussel,alfiMS,0.1,10,625
1717318879701,epic,Shrimp Toy,Chimepa1,1.06,106,304
1717318926635,common,Blue Discus,athne1,0.22,22,239
1717318948334,common,Perch,puninupp,2.72,27,27
1717319020651,common,Perch,staggerrilla,2.71,27,706
1717319041979,junk,Tire,bleepbloopinbot,25,8,672
1717319134023,rare,Red Discus,lightb0011,0.44,99,830
1717319195343,uncommon,Murex Shellfish,t0x1nXz,0.42,34,105
1717319436871,rare,Sailfish,Qwenphy,61,79,79
1717319496793,rare,Big Mamma Pickle,teegreeen,0.48,95,198
1717319586328,uncommon,Scrapermouth Mbuna,alfiMS,0.21,41,666
1717319749563,uncommon,Lobster,Chimepa1,1.07,75,379
1717320220078,common,Blue Discus,staggerrilla,0.2,20,726
1717320242429,uncommon,Lobster,bleepbloopinbot,0.86,60,732
1717320265046,rare,Orange-Spotted Spinefoot,alfiMS,0.1,73,739
1717320370295,junk,Thong,leonidovy4,0.17,2,484
1717320393149,rare,Sunfish,sione89,767,85,592
1717320414313,junk,Soda Can,surfeus,0.1,1,811
1717320478123,junk,Nugget,lightb0011,0.17,2,832
1717320532248,rare,Olive Ridley Turtle,puninupp,43,85,112
1717320580824,common,Pike,crayzeyez,1.11,11,404
1717320643030,rare,Mahi Mahi,t0x1nXz,15.8,85,190
1717320918254,uncommon,Rabbitfish,athne1,1.82,32,271
1717321244173,rare,Rainbow Cichlid,t0x1nXz,0.47,61,251
1717321346250,common,Black Spotted Grunt,mva255,4.73,19,98
1717321421431,rare,Red-knobbed Starfish,staggerrilla,0.11,78,804
1717321442657,junk,Nugget,bleepbloopinbot,0.22,2,734
1717321520488,junk,Coffee Cup,Chimepa1,0.2,2,381
1717321542344,uncommon,Murex Shellfish,alfiMS,0.42,33,772
1717321617212,junk,CB Longneck,elite_penguinchek,0.21,2,2
1717321819130,common,Salmon,Sarge_T,3.3,25,25
1717321840330,junk,Coffee Cup,Sarge_T,0.19,2,27
1717321862173,uncommon,Frontosa Cichlid,Sarge_T,0.49,34,61
1717321883913,common,Perch,surfeus,2.96,30,841
1717321906516,rare,Mahi Mahi,Sarge_T,13.5,72,133
1717321931332,epic,Eagle Ray,Sarge_T,192,183,316
1717322020241,rare,Oreochromis,sione89,2.53,84,676
1717322041476,junk,CB Longneck,athne1,0.22,2,273
1717322064025,rare,Red-knobbed Starfish,stecherdesgrauens,0.1,68,196
1717322620625,junk,Branch,staggerrilla,0.5,2,806
1717322642827,rare,Nimbochromis,bleepbloopinbot,2.48,54,788
1717322793701,uncommon,Golden Redeye Rudd,sasha5889,0.86,43,532
1717322818123,epic,Yellow Mandarin Fish,Chimepa1,0.18,164,545
1717323046290,rare,Tuna,fscktfs,242,116,116
1717323221658,common,Trout,t0x1nXz,0.86,13,264
1717323300236,rare,Green Sea Turtle,alfiMS,131,57,829
1717323375813,rare,Nimbochromis,athne1,2.85,62,335
1717323607927,uncommon,Watch,Chimepa1,0.18,45,590
1717323820751,common,Perch,staggerrilla,3.29,33,839
1717323842359,common,Mackerel,bleepbloopinbot,2.17,22,810
1717323863595,epic,Pineapple,ReioKimura,0.82,4,37
1717324152554,epic,Old PC,surfeus,21,215,1056
1717324280445,uncommon,Koi,athne1,13.5,53,388
1717324352128,uncommon,Electric Catfish,Chimepa1,21,56,646
1717324522716,common,Blue Discus,t0x1nXz,0.18,18,282
1717324760776,junk,Scooter,surfeus,14.5,48,1104
1717325013448,rare,Red Discus,sasha5889,0.34,76,608
1717325037572,epic,Yellow Mandarin Fish,staggerrilla,0.16,148,987
1717325060503,rare,Yellowtang,bleepbloopinbot,0.69,89,899
1717325083477,rare,Arapaima,Chimepa1,91,91,737
1717325142881,common,Barracuda,t0x1nXz,8,27,309
1717325259406,epic,Loggerhead Turtle,leonidovy4,117,121,605
1717325332241,common,Barracuda,athne1,7.6,25,413
1717325403795,common,Pike,DukeMozzarelli,1,10,10
1717325836508,uncommon,Triggerfish,mva255,18.3,82,180
1717325975476,junk,Soda Can,Chimepa1,0.1,1,738
1717326221945,rare,Parrot Fish,staggerrilla,1.64,57,1044
1717326244453,uncommon,Oyster,bleepbloopinbot,0.56,67,966
1717326479892,uncommon,Starfish,t0x1nXz,0.09,28,337
1717326590586,common,Black Redeye,iiiiq,33,25,25
1717326653201,junk,CB Longneck,iiiiq,0.19,2,27
1717326676149,uncommon,Triggerfish,iiiiq,19.9,90,117
1717326697370,junk,Henry's Shoe,iiiiq,1.75,4,121
1717326719371,uncommon,Golden Redeye Rudd,iiiiq,0.86,43,164
1717326743529,epic,Loggerhead Turtle,yasosus_bibus,144,149,149
1717326766389,uncommon,Triggerfish,iiiiq,18.6,84,248
1717326788512,uncommon,Koi,iiiiq,12.2,48,296
1717326810890,uncommon,Oyster,iiiiq,0.51,61,357
1717326832308,common,Trout,iiiiq,0.92,14,371
1717326854999,rare,Oreochromis,iiiiq,2.31,77,448
1717326877061,junk,Skateboard,iiiiq,2.69,45,493
1717326898891,uncommon,Sea Urchin,iiiiq,0.22,33,526
1717326920133,epic,Pineapple,iiiiq,0.86,4,530
1717326941841,common,Atlantic Cod,iiiiq,37,28,558
1717326963170,common,Mussel,iiiiq,0.09,9,567
1717326985284,uncommon,Butterfly Fish,iiiiq,0.1,47,614
1717327008253,rare,Arapaima,iiiiq,91,91,705
1717327029484,junk,Henry's Shoe,iiiiq,1.75,4,709
1717327052729,rare,Sunfish,iiiiq,943,105,814
1717327073945,junk,Branch,iiiiq,0.52,2,816
1717327095205,junk,Can,iiiiq,0.46,5,821
1717327118435,epic,Shrimp Toy,iiiiq,1.04,104,925
1717327139775,junk,Trolley,iiiiq,17.9,9,934
1717327161019,junk,Can,iiiiq,0.5,5,939
1717327182377,junk,Vape,iiiiq,0.22,11,950
1717327203940,common,Mackerel,iiiiq,1.97,20,970
1717327225663,junk,Bike,iiiiq,9.4,28,998
1717327247956,junk,Scooter,iiiiq,16.5,55,1053
1717327270453,rare,Red-knobbed Starfish,iiiiq,0.1,67,1120
1717327291675,junk,Can,iiiiq,0.44,4,1124
1717327313489,junk,Bike,iiiiq,11.1,33,1157
1717327334692,junk,Branch,iiiiq,0.43,2,1159
1717327357504,uncommon,Triggerfish,iiiiq,18.4,83,1242
1717327378682,junk,Soda Can,iiiiq,0.1,1,1243
1717327401021,rare,Parrot Fish,iiiiq,1.69,59,1302
1717327422593,common,Black Spotted Grunt,iiiiq,5.1,21,1323
1717327443823,junk,Fish Cracker,iiiiq,0.44,4,1327
1717327465145,common,Mussel,iiiiq,0.08,8,1335
1717327495312,legendary,Great White Shark,iiiiq,1,450,1785
1717327516511,junk,CB Longneck,iiiiq,0.22,2,1787
1717327538357,uncommon,Frontosa Cichlid,iiiiq,0.51,35,1822
1717327559984,common,Perch,iiiiq,2.45,24,1846
1717327582455,rare,Oreochromis,iiiiq,1.99,66,1912
1717327606083,epic,Orange Discus,iiiiq,0.33,123,2035
1717327628487,rare,Green Sea Turtle,iiiiq,142,62,2097
1717327649688,junk,Thong,iiiiq,0.16,2,2099
1717327672645,junk,Broken Sword,iiiiq,0.89,89,2188
1717327694146,common,Blue Discus,iiiiq,0.18,18,2206
1717327716351,rare,Nimbochromis,iiiiq,2.42,52,2258
1717327754065,legendary,Blue Whale,iiiiq,107,828,3086
1717327777168,rare,Sailfish,iiiiq,76,97,3183
1717327798539,junk,Mug,iiiiq,0.53,11,3194
1717327822936,epic,Old PC,iiiiq,16.2,162,3356
1717327848438,epic,Eagle Ray,iiiiq,227,217,3573
1717327869913,common,Carp,iiiiq,8,15,3588
1717327892672,rare,Red-knobbed Starfish,iiiiq,0.11,79,3667
1717327914020,common,Mussel,iiiiq,0.1,10,3677
1717327939149,epic,Old PC,iiiiq,19.9,199,3876
1717327960900,junk,Bike,iiiiq,10,30,3906
1717327983070,uncommon,Watch,iiiiq,0.2,51,3957
1717328004908,uncommon,Murex Shellfish,iiiiq,0.42,34,3991
1717328027871,rare,Wahoo,iiiiq,14.1,91,4082
1717328050649,rare,Orange-Spotted Spinefoot,iiiiq,0.11,78,4160
1717328072192,common,Mackerel,iiiiq,2.22,22,4182
1717328093450,junk,Can,iiiiq,0.48,5,4187
1717328114649,junk,Soda Can,iiiiq,0.1,1,4188
1717328136046,common,Carp,iiiiq,6.9,13,4201
1717328167752,legendary,Golden Crown,iiiiq,1.05,527,4728
1717328190005,rare,Nimbochromis,iiiiq,2.55,55,4783
1717328211722,common,Salmon,iiiiq,3.69,28,4811
1717328232994,junk,Fish Cracker,iiiiq,0.52,5,4816
1717328254430,common,Trout,iiiiq,0.91,14,4830
1717328279153,epic,Orange Mandarin Fish,iiiiq,0.2,178,5008
1717328300907,common,Atlantic Cod,iiiiq,39,29,5037
1717328322672,common,Barracuda,iiiiq,9.3,31,5068
1717328344539,uncommon,Red Eye Fish,iiiiq,2.52,35,5103
1717328366061,junk,VHS Tape,iiiiq,0.47,19,5122
1717328387524,common,Carp,iiiiq,8.6,16,5138
1717328409218,common,Black Redeye,iiiiq,34,26,5164
1717328430941,uncommon,Sea Urchin,kolyaoleksyuk,0.19,28,88
1717328452839,uncommon,Scrapermouth Mbuna,iiiiq,0.19,37,5201
1717328474151,junk,Vape,iiiiq,0.16,8,5209
1717328495509,junk,Tire,iiiiq,30,10,5219
1717328517137,common,Salmon,iiiiq,3.24,24,5243
1717328540047,rare,Clownfish,iiiiq,0.19,87,5330
1717328561576,common,Hermit Crab,iiiiq,0.97,19,5349
1717328587140,legendary,Croissant Shark,iiiiq,0.88,221,5570
1717328608753,common,Hermit Crab,iiiiq,1.13,23,5593
1717328632176,epic,Orange Discus,iiiiq,0.31,113,5706
1717328655107,rare,Yellowtang,iiiiq,0.69,89,5795
1717328676299,junk,Soda Can,iiiiq,0.1,1,5796
1717328697523,junk,Nugget,iiiiq,0.21,2,5798
1717328718986,common,Carp,iiiiq,8.7,16,5814
1717328741921,rare,Red Discus,iiiiq,0.39,89,5903
1717328764115,junk,Scooter,iiiiq,15.6,52,5955
1717328794441,legendary,Golden Crown,iiiiq,0.91,457,6412
1717328815657,junk,CB Longneck,iiiiq,0.21,2,6414
1717328837226,common,Hermit Crab,iiiiq,1.07,21,6435
1717328860537,rare,Tuna,iiiiq,225,108,6543
1717328882307,uncommon,Frontosa Cichlid,iiiiq,0.45,31,6574
1717328904909,rare,Olive Ridley Turtle,iiiiq,36,72,6646
1717328926277,junk,Weird Drawing of a Fish?,Chimepa1,0.55,11,749
1717328958381,legendary,Golden Crown,iiiiq,1.09,547,7193
1717328981559,rare,Big Mamma Pickle,iiiiq,0.51,101,7294
1717329002896,junk,Traffic Cone,iiiiq,0.93,7,7301
1717329024950,junk,Skateboard,iiiiq,2.72,45,7346
1717329047341,rare,Orange-Spotted Spinefoot,iiiiq,0.09,62,7408
1717329071265,epic,Leatherback Turtle,iiiiq,394,138,7546
1717329092895,common,Black Spotted Grunt,iiiiq,5.5,22,7568
1717329118024,epic,Moorish Idol,iiiiq,2.22,199,7767
1717329139847,common,Barracuda,iiiiq,9.9,33,7800
1717329162654,rare,Red Discus,iiiiq,0.36,82,7882
1717329185891,rare,Big Mamma Pickle,iiiiq,0.52,104,7986
1717329208501,rare,Emperor Angelfish,iiiiq,1.56,73,8059
1717329229712,junk,Branch,iiiiq,0.47,2,8061
1717329250949,junk,Henry's Shoe,iiiiq,1.76,4,8065
1717329272258,junk,Weird Drawing of a Fish?,iiiiq,0.4,8,8073
1717329295408,uncommon,Triggerfish,iiiiq,22,100,8173
1717329317316,uncommon,Golden Redeye Rudd,iiiiq,0.74,37,8210
1717329339621,uncommon,Lobster,iiiiq,0.81,57,8267
1717329361038,common,Trout,iiiiq,0.82,12,8279
1717329382575,common,Blue Discus,iiiiq,0.18,18,8297
1717329405416,rare,Red Discus,iiiiq,0.37,84,8381
1717329427743,uncommon,Oyster,iiiiq,0.49,59,8440
1717329449265,common,Hermit Crab,iiiiq,0.96,19,8459
1717329470906,common,Mackerel,iiiiq,2.19,22,8481
1717329492289,common,Pike,iiiiq,1.13,11,8492
1717329513483,junk,Coffee Cup,iiiiq,0.2,2,8494
1717329534688,junk,Branch,iiiiq,0.53,2,8496
1717329569743,legendary,Zero,iiiiq,9.3,695,9191
1717329591344,common,Mackerel,iiiiq,2.15,22,9213
1717329613658,rare,Parrot Fish,athne1,1.66,58,471
1717329634985,junk,Traffic Cone,iiiiq,1.1,9,9222
1717329656344,junk,Mug,sione89,0.48,10,686
1717329677846,common,Mackerel,leonidovy4,1.71,17,622
1717329699866,uncommon,Murex Shellfish,iiiiq,0.54,43,9265
1717329722595,rare,Emperor Angelfish,iiiiq,1.65,77,9342
1717329744033,common,Trout,iiiiq,0.87,13,9355
1717329765844,common,Atlantic Cod,iiiiq,44,33,9388
1717329787823,uncommon,Peacock Bass,iiiiq,6.6,41,9429
1717329810018,uncommon,Oyster,iiiiq,0.43,52,9481
1717329831243,junk,Thong,staggerrilla,0.16,2,1046
1717329852698,common,Carp,bleepbloopinbot,7.9,15,981
1717329874028,junk,Some Keys,bababoy0521,0.18,9,9
1717329895781,uncommon,Red Eye Fish,iiiiq,2.12,30,9511
1717329917327,common,Hermit Crab,bababoy0521,0.96,19,28
1717329939153,uncommon,Sea Urchin,sasha5889,0.22,34,642
1717329960659,junk,VHS Tape,bababoy0521,0.42,17,45
1717329982038,common,Mussel,bababoy0521,0.11,11,56
1717330004044,uncommon,Scrapermouth Mbuna,bababoy0521,0.21,42,98
1717330025245,junk,Funny Metal Tubes,bababoy0521,0.17,2,100
1717330047077,uncommon,Red Eye Fish,bababoy0521,2.46,34,134
1717330068327,junk,Can,bababoy0521,0.47,5,139
1717330089689,common,Pike,bababoy0521,1,10,149
1717330111149,common,Carp,bababoy0521,8.4,16,165
1717330133388,uncommon,Koi,bababoy0521,13.6,53,218
1717330157558,epic,Powderblue Tang,bababoy0521,0.75,151,369
1717330178926,common,Pike,bababoy0521,1.13,11,380
1717330200731,uncommon,Golden Redeye Rudd,bababoy0521,0.66,33,413
1717330221934,junk,CB Longneck,bababoy0521,0.21,2,415
1717330243861,uncommon,Golden Redeye Rudd,bababoy0521,0.77,38,453
1717330265614,common,Salmon,bababoy0521,3.85,29,482
1717330286802,junk,Coffee Cup,bababoy0521,0.19,2,484
1717330310369,epic,Octopus,bababoy0521,8,120,604
1717330333605,rare,Arapaima,bababoy0521,104,104,708
1717330355385,common,Barracuda,iiiiq,9.3,31,9542
1717330377145,common,Black Redeye,sirhunterr,41,30,344
1717330398711,junk,VHS Tape,ReioKimura,0.53,21,58
1717330419902,junk,Funny Metal Tubes,bababoy0521,0.17,2,710
1717330442735,rare,Yellowtang,bababoy0521,0.65,83,793
1717330464374,common,Salmon,bababoy0521,3.25,24,817
1717330485798,common,Trout,bababoy0521,0.81,12,829
1717330507149,common,Pike,bababoy0521,0.97,10,839
1717330529259,uncommon,Peacock Bass,bababoy0521,7.6,48,887
1717330550794,junk,VHS Tape,bababoy0521,0.48,19,906
1717330572074,junk,Fish Cracker,bababoy0521,0.43,4,910
1717330593871,common,Atlantic Cod,bababoy0521,43,32,942
1717330615534,uncommon,Sea Urchin,bababoy0521,0.18,26,968
1717330637246,common,Black Redeye,bababoy0521,37,28,996
1717330671365,legendary,Whale Shark,bababoy0521,13,648,1644
1717330692884,common,Hermit Crab,bababoy0521,0.88,18,1662
1717330714918,junk,Scooter,bababoy0521,12.9,43,1705
1717330737482,rare,Nimbochromis,bababoy0521,3.26,71,1776
1717330760379,rare,Wahoo,bababoy0521,13.6,87,1863
1717330783006,rare,Parrot Fish,bababoy0521,2.13,74,1937
1717330805162,junk,Scooter,bababoy0521,14.8,49,1986
1717330826493,junk,Some Keys,mva255,0.17,9,189
1717330847979,common,Hermit Crab,stecherdesgrauens,0.84,17,213
1717330869347,junk,Tire,surfeus,33,11,1115
1717330890916,common,Blue Discus,JohnnyQuizz,0.2,20,31
1717330912113,junk,Coffee Cup,t0x1nXz,0.2,2,339
1717330934007,uncommon,Red Eye Fish,CHUCKY_XS,2.55,36,806
1717330955247,junk,Can,alfiMS,0.53,5,834
1717330978866,rare,Tuna,Ura3535,257,123,140
1717331004021,epic,Old PC,Chimepa1,19.9,199,948
1717331025214,junk,Thong,iiiiq,0.19,2,9544
1717331048062,rare,Oreochromis,iiiiq,2.52,84,9628
1717331070362,uncommon,Electric Catfish,iiiiq,22,57,9685
1717331108426,legendary,Zero,iiiiq,11.3,845,10530
1717331129805,junk,Trolley,iiiiq,23,11,10541
1717331151476,common,Atlantic Cod,iiiiq,34,25,10566
1717331173046,common,Mackerel,puninupp,2.12,21,133
1717331194545,common,Trout,thedave19,1.12,17,17
1717331216216,uncommon,Sea Urchin,staggerrilla,0.17,26,1072
1717331237705,common,Trout,bleepbloopinbot,1.12,17,998
1717331260809,rare,Sunfish,sasha5889,869,97,739
1717331282419,common,Hermit Crab,kot1001,1.11,22,23
1717331496299,junk,Henry's Shoe,JohnnyQuizz,1.94,5,36
1717332038429,uncommon,Murex Shellfish,CHUCKY_XS,0.45,36,842
1717332098499,common,Mussel,mva255,0.11,11,200
1717332179693,epic,Eagle Ray,JohnnyQuizz,214,204,240
1717332221077,common,Pike,staggerrilla,0.87,9,1081
1717332243571,rare,Oreochromis,bleepbloopinbot,2,67,1065
1717332411685,rare,Green Sea Turtle,Chimepa1,144,63,1011
1717332958362,junk,Traffic Cone,JohnnyQuizz,0.93,7,247
1717332979860,common,Mackerel,sasha5889,1.73,17,756
1717333002013,uncommon,Watch,CHUCKY_XS,0.19,48,890
1717333023293,junk,Nugget,thanossoul,0.21,2,31
1717333080670,uncommon,Red Eye Fish,ReioKimura,2.23,31,89
1717333236678,legendary,Joel the Sturgeon,mrdes1gner,267,267,267
1717333257990,junk,Vape,Chimepa1,0.17,8,1019
1717333281585,rare,Tuna,t0x1nXz,255,122,461
1717333308084,junk,Weird Drawing of a Fish?,IhvarNord,0.5,10,10
1717333423487,rare,Clownfish,staggerrilla,0.21,94,1175
1717333445324,uncommon,Scrapermouth Mbuna,bleepbloopinbot,0.17,34,1099
1717333469226,common,Perch,MikaHus,3.22,32,32
1717333539997,common,Black Spotted Grunt,bababoy0521,4.59,18,2004
1717333566261,rare,Oreochromis,ragnar175,2.17,72,134
1717333602177,junk,CB Longneck,bababoy0521,0.19,2,2006
1717333627349,epic,Swordfish,bababoy0521,250,200,2206
1717333659179,legendary,Manta Ray,bababoy0521,1,533,2739
1717333680983,uncommon,Rabbitfish,bababoy0521,1.83,32,2771
1717333790324,junk,Bike,bababoy0521,10.7,32,2803
1717333811522,junk,Coffee Cup,bababoy0521,0.2,2,2805
1717333833109,common,Blue Discus,bababoy0521,0.22,22,2827
1717333854913,uncommon,Golden Redeye Rudd,bababoy0521,0.64,32,2859
1717333896949,rare,Wahoo,bababoy0521,14.3,92,2951
1717333919985,rare,Sunfish,bababoy0521,844,94,3045
1717333941850,uncommon,Streaked Spinefoot,bababoy0521,0.17,35,3080
1717333963852,uncommon,Butterfly Fish,bababoy0521,0.09,42,3122
1717333987467,epic,Leatherback Turtle,bababoy0521,349,122,3244
1717334008761,junk,Traffic Cone,bababoy0521,0.92,7,3251
1717334030382,common,Black Spotted Grunt,bababoy0521,4.91,20,3271
1717334051696,common,Pike,bababoy0521,0.84,8,3279
1717334074140,uncommon,Oyster,bababoy0521,0.54,65,3344
1717334095478,junk,Trolley,bababoy0521,18.3,9,3353
1717334116741,junk,Henry's Shoe,bababoy0521,2.25,6,3359
1717334138352,junk,VHS Tape,bababoy0521,0.55,22,3381
1717334160257,uncommon,Scrapermouth Mbuna,bababoy0521,0.19,37,3418
1717334182326,uncommon,Koi,bababoy0521,11.7,46,3464
1717334203833,common,Black Spotted Grunt,bababoy0521,4.54,18,3482
1717334247356,legendary,Diamond,bababoy0521,0.11,1,4599
1717334269668,uncommon,Oyster,bababoy0521,0.48,57,4656
1717334290880,junk,Branch,bababoy0521,0.53,2,4658
1717334312073,junk,Thong,thanossoul,0.21,2,33
1717334333312,junk,Can,bababoy0521,0.42,4,4662
1717334355348,junk,Skateboard,mrdes1gner,2.65,44,311
1717334377990,rare,Orangespined Unicornfish,MikaHus,0.99,74,106
1717334400732,uncommon,Triggerfish,Chimepa1,17.8,80,1099
1717334422836,uncommon,Peacock Bass,bababoy0521,7.6,47,4709
1717334458497,junk,Henry's Shoe,bababoy0521,2.23,6,4715
1717334481656,rare,Wahoo,bababoy0521,15.5,100,4815
1717334507049,epic,Swordfish,bababoy0521,264,211,5026
1717334529016,uncommon,Scrapermouth Mbuna,bababoy0521,0.2,41,5067
1717334570291,legendary,Blue Whale,bababoy0521,130,1,6073
1717334592250,uncommon,Streaked Spinefoot,bababoy0521,0.2,41,6114
1717334613464,junk,Thong,bababoy0521,0.17,2,6116
1717334634851,junk,Tire,bababoy0521,33,11,6127
1717334656596,junk,Bike,bababoy0521,9,27,6154
1717334677778,junk,Soda Can,bababoy0521,0.11,1,6155
1717334698975,junk,Thong,bababoy0521,0.19,2,6157
1717334723895,epic,Yellow Mandarin Fish,staggerrilla,0.21,188,1363
1717334747061,rare,Wahoo,bleepbloopinbot,15.5,100,1199
1717334768263,epic,Sponge,JohnnyQuizz,0.08,2,249
1717334880461,rare,Rainbow Cichlid,CHUCKY_XS,0.42,54,944
1717334934589,legendary,Zero,teegreeen,10,749,947
1717334957755,rare,Marlin,t0x1nXz,301,100,561
1717334979100,junk,Weird Drawing of a Fish?,thanossoul,0.52,10,43
1717335009490,uncommon,Scrapermouth Mbuna,iiiiq,0.18,37,10603
1717335030740,junk,Fish Cracker,puninupp,0.54,5,138
1717335053373,uncommon,Lobster,Chimepa1,1.06,74,1173
1717335075509,uncommon,Koi,MikaHus,12.5,49,155
1717335097129,common,Hermit Crab,mrdes1gner,1.12,22,333
1717335174878,uncommon,Fish Fillet Burger,zoskyb,0.88,4,4
1717335223430,rare,Rainbow Cichlid,mva255,0.45,58,258
1717335660948,common,Black Redeye,WolfReborn,45,34,34
1717335712157,uncommon,Electric Catfish,thanossoul,23,60,103
1717335752630,common,Mussel,Chimepa1,0.11,11,1184
1717335822270,uncommon,Peacock Bass,staggerrilla,7.6,48,1411
1717335843656,common,Mussel,bleepbloopinbot,0.1,10,1209
1717335983415,common,Mackerel,surfeus,1.62,16,1131
1717336023523,rare,Arapaima,t0x1nXz,86,86,647
1717336070589,uncommon,Starfish,MikaHus,0.1,31,186
1717336224682,uncommon,Triggerfish,bababoy0521,18.8,84,6241
1717336246205,common,Trout,bababoy0521,1.11,17,6258
1717336267398,junk,Thong,bababoy0521,0.2,2,6260
1717336290224,rare,Big Mamma Pickle,bababoy0521,0.42,84,6344
1717336311809,common,Mackerel,bababoy0521,2.06,21,6365
1717336333402,junk,VHS Tape,bababoy0521,0.52,21,6386
1717336355948,rare,Orange-Spotted Spinefoot,bababoy0521,0.1,70,6456
1717336377569,common,Blue Discus,bababoy0521,0.23,23,6479
1717336399384,uncommon,Frontosa Cichlid,bababoy0521,0.47,33,6512
1717336420576,junk,Soda Can,bababoy0521,0.09,1,6513
1717336442512,uncommon,Golden Redeye Rudd,bababoy0521,0.79,39,6552
1717336477249,junk,Fish Cracker,Chimepa1,0.49,5,1189
1717336528231,common,Carp,Ura3535,6.5,12,152
1717336598250,rare,Marlin,kolyaoleksyuk,259,86,174
1717336756184,common,Salmon,surfeus,3.63,27,1158
1717336955435,junk,Scooter,n1k1tka_mandarinka,13.9,46,46
1717337022020,junk,Funny Metal Tubes,staggerrilla,0.17,2,1413
1717337043383,junk,Some Keys,bleepbloopinbot,0.2,10,1219
1717337092469,uncommon,Sea Urchin,zoskyb,0.19,28,32
1717337211348,rare,Big Mamma Pickle,Chimepa1,0.52,104,1293
1717337362514,junk,Bike,MikaHus,11,33,219
1717337533637,junk,Coffee Cup,puninupp,0.2,2,140
1717337597309,rare,Orangespined Unicornfish,mrdes1gner,0.91,68,401
1717337682856,common,Salmon,alfiMS,4.08,31,865
1717337930592,junk,Skateboard,Chimepa1,3.17,53,1346
1717337966252,uncommon,Koi,CHUCKY_XS,14,55,999
1717338036269,junk,Strange Vase,kolyaoleksyuk,0.55,11,185
1717338059955,junk,Scooter,surfeus,15.3,51,1209
1717338223107,rare,Piranha,staggerrilla,0.98,78,1491
1717338244313,epic,Sponge,bleepbloopinbot,0.1,2,1221
1717338303423,epic,Swordfish,t0x1nXz,274,219,866
1717338324628,junk,CB Longneck,sasha5889,0.22,2,758
1717338707201,rare,Oreochromis,stecherdesgrauens,2.24,75,288
1717338728643,common,Trout,MikaHus,0.85,13,232
1717338826421,rare,Green Sea Turtle,Chimepa1,147,64,1410
1717338847961,common,Blue Discus,giggles3888,0.18,18,261
1717338919944,rare,Orangespined Unicornfish,thanossoul,0.8,60,163
1717339171692,uncommon,Lobster,ragnar175,1.01,70,204
1717339260843,junk,Thong,DukeMozzarelli,0.22,2,12
1717339295661,legendary,Whale Shark,iQuicksilver_Eternal,14,683,683
1717339351670,uncommon,Fish Fillet Burger,andireb,0.99,5,33
1717339399098,junk,Tire,CHUCKY_XS,27,9,1008
1717339423677,rare,Arapaima,staggerrilla,101,101,1592
1717339444875,junk,Thong,bleepbloopinbot,0.18,2,1223
1717339479926,junk,Bike,kolyaoleksyuk,9.4,28,213
1717339529905,epic,Powderblue Tang,andrearghos,0.77,154,248
1717339552352,uncommon,Electric Catfish,thanossoul,24,64,227
1717339575683,rare,Big Mamma Pickle,MikaHus,0.54,108,340
1717339597351,common,Barracuda,Chimepa1,7.9,26,1436
1717339618701,junk,Trolley,JohnnyQuizz,16.6,8,257
1717339708991,epic,Orange Discus,stecherdesgrauens,0.29,107,395
1717339849246,common,Blue Discus,t0x1nXz,0.19,19,885
1717339976745,common,Atlantic Cod,madagascaradam,35,26,278
1717339999262,rare,Olive Ridley Turtle,giggles3888,34,68,329
1717340270438,common,Trout,zoskyb,0.99,15,47
1717340291963,common,Mackerel,Chimepa1,1.75,18,1454
1717340323644,legendary,Tiger Shark,le_bouffon_de_foucault,460,276,337
1717340346237,uncommon,Lobster,surfeus,1.01,71,1280
1717340370529,common,Salmon,andrearghos,4.47,34,282
1717340392804,uncommon,Koi,bababoy0521,14.3,56,6608
1717340414167,junk,Trolley,bababoy0521,22,11,6619
1717340435713,junk,VHS Tape,bababoy0521,0.44,18,6637
1717340456938,junk,CB Longneck,bababoy0521,0.22,2,6639
1717340479738,rare,Olive Ridley Turtle,bababoy0521,41,82,6721
1717340500946,epic,Sponge,bababoy0521,0.1,2,6723
1717340522292,junk,Trolley,bababoy0521,18.2,9,6732
1717340543954,common,Salmon,athne1,3.52,26,497
1717340587425,legendary,Diamond,sasha5889,0.11,1,1874
1717340610710,epic,Shrimp Toy,thanossoul,1.04,104,331
1717340631869,epic,Sponge,staggerrilla,0.08,2,1594
1717340668711,legendary,Whale Shark,bleepbloopinbot,16,782,2005
1717340690381,common,Salmon,alfiMS,3.48,26,891
1717340711737,junk,Trolley,MikaHus,22,11,351
1717340972264,common,Mussel,kolyaoleksyuk,0.09,9,222
1717340993438,junk,Soda Can,giggles3888,0.11,1,330
1717341015204,common,Barracuda,Chimepa1,9.2,31,1485
1717341171337,common,Barracuda,stecherdesgrauens,7.7,26,421
1717341370116,epic,Loggerhead Turtle,surfeus,140,145,1425
1717341391473,common,Pike,CHUCKY_XS,0.89,9,1017
1717341435603,uncommon,Scrapermouth Mbuna,mva255,0.21,42,300
1717341608072,junk,Trolley,kolyaoleksyuk,20,10,232
1717341629736,common,Perch,sstop1231,2.55,26,103
1717341650952,junk,CB Longneck,ragnar175,0.18,2,206
1717341672652,common,Barracuda,giggles3888,8.5,28,358
1717341782476,uncommon,Starfish,MikaHus,0.11,33,384
1717341820473,common,Salmon,madagascaradam,3.99,30,308
1717341842300,junk,Bike,staggerrilla,10.8,32,1626
1717341867255,epic,Orange Mandarin Fish,bleepbloopinbot,0.21,191,2196
1717341888596,junk,Trolley,zoskyb,18.2,9,56
1717341929082,junk,Can,alfiMS,0.45,5,896
1717342125528,junk,VHS Tape,surfeus,0.54,22,1447
1717342219226,uncommon,Frontosa Cichlid,Chimepa1,0.47,33,1518
1717342266645,common,Salmon,grikhorior_in_da_games,3.95,30,30
1717342288310,common,Salmon,CHUCKY_XS,3.5,26,1043
1717342314913,rare,Tuna,sirhunterr,201,96,440
1717342529216,junk,Trolley,t0x1nXz,16.4,8,893
1717342559232,junk,Can,Aspio9,0.51,5,5
1717342581259,uncommon,Scrapermouth Mbuna,andrearghos,0.22,43,325
1717342761416,common,Pike,viktor123545,0.95,10,10
1717342846800,epic,Foureye Butterflyfish,staggerrilla,0.19,144,144
1717342869113,uncommon,Lobster,JohnnyQuizz,0.81,57,57
1717342891295,uncommon,Koi,ShihTzuOnYou,13,51,51
1717342921181,uncommon,Electric Catfish,madagascaradam,19.7,51,51
1717342948167,uncommon,Scrapermouth Mbuna,Chimepa1,0.19,38,38
1717342970892,rare,Olive Ridley Turtle,sasha5889,39,79,79
1717343020670,junk,Vape,surfeus,0.22,11,11
1717343041927,junk,Can,ragnar175,0.51,5,5
1717343063165,junk,Can,bleepbloopinbot,0.53,5,5
1717343247030,uncommon,Electric Catfish,stecherdesgrauens,19.9,52,52
1717343286862,junk,Some Keys,taylor047,0.2,10,10
1717343510253,uncommon,Electric Catfish,MikaHus,24,62,62
1717343531613,junk,Tire,Aspio9,33,11,11
1717343562501,legendary,Golden Crown,JohnnyQuizz,0.97,485,542
1717343583798,epic,Pineapple,alfiMS,1.13,6,6
1717343605339,common,Blue Discus,bababoy0521,0.19,19,19
1717343636265,junk,Car,bababoy0521,1,305,324
1717343657974,uncommon,Starfish,bababoy0521,0.09,28,352
1717343681099,rare,Yellowtang,bababoy0521,0.77,99,451
1717343702479,common,Mussel,bababoy0521,0.1,10,461
1717343723690,epic,Sponge,bababoy0521,0.09,2,463
1717343744867,junk,Soda Can,sasha5889,0.11,1,80
1717343766387,common,Mackerel,bababoy0521,1.83,18,481
1717343788530,junk,Scooter,bababoy0521,15,50,531
1717343809931,junk,Some Keys,viktor123545,0.2,10,10
1717343831743,uncommon,Scrapermouth Mbuna,Chimepa1,0.16,33,71
1717343854273,rare,Piranha,ragnar175,0.85,68,73
1717343875472,junk,Branch,CHUCKY_XS,0.48,2,2
1717343897251,common,Black Redeye,bababoy0521,41,31,562
1717343918449,junk,Coffee Cup,bababoy0521,0.21,2,564
1717343939883,common,Carp,bababoy0521,7.5,14,578
1717343962454,rare,Mahi Mahi,bababoy0521,13.2,70,648
1717343987074,epic,Eagle Ray,bababoy0521,183,174,822
1717344175278,rare,Wahoo,taylor047,14.5,93,103
1717344222672,junk,CB Longneck,staggerrilla,0.18,2,146
1717344244125,common,Carp,bleepbloopinbot,8.2,15,20
1717344558844,junk,Fish Cracker,t0x1nXz,0.42,4,4
1717344595572,junk,Can,mrdes1gner,0.5,5,5
1717344721228,uncommon,Electric Catfish,giggles3888,19,49,49
1717344757759,junk,VHS Tape,R0gueKiLLaZA,0.49,19,19
1717344779488,common,Perch,CHUCKY_XS,2.92,29,31
1717344800725,junk,Nugget,R0gueKiLLaZA,0.18,2,21
1717344833098,uncommon,Fish Fillet Burger,ragnar175,0.94,5,78
1717344894281,junk,Bike,R0gueKiLLaZA,10.5,31,52
1717344920275,junk,Funny Metal Tubes,JohnnyQuizz,0.21,2,544
1717344947406,common,Mussel,R0gueKiLLaZA,0.08,8,60
1717344969147,common,Atlantic Cod,alfiMS,39,29,35
1717344992542,epic,Shrimp Toy,surfeus,1.12,112,123
1717345015349,rare,Orangespined Unicornfish,R0gueKiLLaZA,1.11,83,143
1717345043753,junk,Can,R0gueKiLLaZA,0.46,5,148
1717345106681,junk,Can,taylor047,0.5,5,108
1717345127849,junk,Soda Can,Chimepa1,0.1,1,72
1717345260400,junk,CB Longneck,R0gueKiLLaZA,0.18,2,150
1717345336114,legendary,Joel the Sturgeon,sirhunterr,289,289,289
1717345422385,junk,Can,staggerrilla,0.5,5,151
1717345443965,common,Blue Discus,bleepbloopinbot,0.21,21,41
1717345588903,junk,Vape,MikaHus,0.21,11,73
1717345628330,junk,CB Longneck,ragnar175,0.19,2,80
1717345649928,common,Blue Discus,JohnnyQuizz,0.22,22,566
1717345846970,uncommon,Streaked Spinefoot,Chimepa1,0.23,45,117
1717346150504,common,Black Spotted Grunt,stecherdesgrauens,5.4,22,74
1717346309522,common,Perch,puninupp,3.09,31,31
1717346334242,junk,Branch,fscktfs,0.44,2,2
1717346355905,uncommon,Sea Urchin,BeepsBPS,0.17,25,25
1717346377675,uncommon,Frontosa Cichlid,sasha5889,0.41,29,109
1717346475158,rare,Rainbow Cichlid,t0x1nXz,0.44,58,62
1717346575236,junk,Funny Metal Tubes,Chimepa1,0.2,2,119
1717346622799,common,Mackerel,staggerrilla,1.92,19,170
1717346644382,common,Hermit Crab,bleepbloopinbot,1.04,21,62
1717346665720,junk,Vape,zoskyb,0.17,8,8
1717346687583,uncommon,Murex Shellfish,kolyaoleksyuk,0.45,36,36
1717346718978,legendary,Golden Crown,ragnar175,1.02,510,590
1717346740315,junk,Traffic Cone,CHUCKY_XS,0.95,8,39
1717346795702,common,Black Spotted Grunt,stecherdesgrauens,4,16,90
1717346999278,uncommon,Lobster,JohnnyQuizz,0.91,63,629
1717347119660,rare,Oreochromis,t0x1nXz,2.17,72,134
1717347343971,epic,Sponge,Chimepa1,0.11,2,121
1717347583330,common,Pike,ragnar175,1.05,10,600
1717347604796,common,Trout,sstop1231,1.08,16,16
1717347654894,uncommon,Starfish,JohnnyQuizz,0.11,33,662
1717347695540,junk,Funny Metal Tubes,alfiMS,0.2,2,37
1717347802455,rare,Tuna,MikaHus,235,112,185
1717347824671,junk,Scooter,staggerrilla,15.8,53,223
1717347846460,uncommon,Frontosa Cichlid,bleepbloopinbot,0.44,31,93
1717347945701,legendary,Manta Ray,CHUCKY_XS,1,511,550
1717348064423,epic,Sponge,Chimepa1,0.08,2,123
1717348102932,uncommon,Peacock Bass,necroso7,7.3,46,46
1717348387242,epic,Sponge,JohnnyQuizz,0.11,2,664
1717348593093,uncommon,Starfish,stecherdesgrauens,0.11,34,124
1717348635123,junk,Vape,ragnar175,0.17,8,608
1717348793043,uncommon,Starfish,Chimepa1,0.11,33,156
1717348996945,epic,Sponge,lightb0011,0.11,2,2
1717349022634,junk,Soda Can,staggerrilla,0.11,1,224
1717349046353,epic,Foureye Butterflyfish,bleepbloopinbot,0.17,128,221
1717349068878,rare,Piranha,bababoy0521,0.85,68,890
1717349090048,junk,Soda Can,bababoy0521,0.1,1,891
1717349112106,uncommon,Streaked Spinefoot,JohnnyQuizz,0.22,44,708
1717349186781,rare,Arapaima,necroso7,91,91,137
1717349303146,rare,Red Discus,sasha5889,0.38,85,194
1717349364332,common,Blue Discus,surfeus,0.21,21,144
1717349434683,common,Perch,ProjectJeff85,2.42,24,24
1717349522893,rare,Oreochromis,Chimepa1,2.32,77,233
1717349565577,legendary,Croissant Shark,stecherdesgrauens,0.92,230,354
1717349664998,uncommon,Frontosa Cichlid,ProjectJeff85,0.5,35,59
1717349756408,uncommon,Murex Shellfish,MikaHus,0.53,42,227
1717349904373,junk,Soda Can,lightb0011,0.1,1,3
1717349957955,uncommon,Red Eye Fish,JohnnyQuizz,2.38,33,741
1717350125821,uncommon,Koi,MikaHus,11.6,46,273
1717350211033,common,Carp,necroso7,7.3,14,151
1717350235086,epic,Leatherback Turtle,staggerrilla,413,144,368
1717350259215,epic,Foureye Butterflyfish,bleepbloopinbot,0.2,149,370
1717350281846,uncommon,Lobster,alfiMS,1.06,74,111
1717350303179,junk,Vape,Chimepa1,0.17,9,242
1717350514395,rare,Wahoo,CHUCKY_XS,11.3,73,623
1717350551481,rare,Clownfish,zoskyb,0.19,84,92
1717350670892,rare,Rainbow Cichlid,JohnnyQuizz,0.44,57,798
1717350750947,junk,Vape,MikaHus,0.22,11,284
1717350858414,junk,Scooter,necroso7,14.3,48,199
1717350884965,junk,Tire,stecherdesgrauens,32,11,365
1717350929725,junk,Branch,sasha5889,0.54,2,196
1717350965989,junk,CB Longneck,ProjectJeff85,0.21,2,61
1717350987348,junk,Some Keys,Chimepa1,0.22,11,253
1717351197927,rare,Piranha,athne1,0.87,69,69
1717351245065,rare,Jellyfish Plushie,leonidovy4,0.48,86,86
1717351427675,epic,Eagle Ray,staggerrilla,224,213,581
1717351449252,junk,VHS Tape,bleepbloopinbot,0.53,21,391
1717351470777,common,Blue Discus,JohnnyQuizz,0.18,18,816
1717351494142,rare,Rubber Ducky,necroso7,0.11,111,310
1717351577436,uncommon,Streaked Spinefoot,sione89,0.21,43,43
1717351699822,rare,Emperor Angelfish,Chimepa1,1.47,68,321
1717351721019,junk,Nugget,zoskyb,0.2,2,94
1717351742840,uncommon,Rabbitfish,CHUCKY_XS,1.96,34,657
1717351764093,junk,Can,andrearghos,0.46,5,5
1717351787288,uncommon,Triggerfish,alfiMS,23,101,212
1717351942938,legendary,Zero,stecherdesgrauens,10,751,1116
1717352002520,uncommon,Watch,lightb0011,0.21,53,56
1717352023719,junk,Nugget,mva255,0.21,2,2
1717352044973,junk,Fish Cracker,sstop1231,0.51,5,21
1717352210235,junk,Bike,necroso7,10,30,340
1717352232481,uncommon,Watch,thanossoul,0.21,54,54
1717352273404,junk,VHS Tape,ProjectJeff85,0.56,23,84
1717352419353,junk,Bike,Chimepa1,8.1,24,345
1717352440678,common,Mussel,puninupp,0.09,9,40
1717352463304,rare,Parrot Fish,JohnnyQuizz,2.11,74,890
1717352532455,legendary,Great White Shark,sione89,910,364,407
1717352623489,common,Mackerel,staggerrilla,1.78,18,599
1717352645998,rare,Emperor Angelfish,bleepbloopinbot,1.46,68,459
1717352835358,epic,Orange Mandarin Fish,thanossoul,0.17,156,210
1717353018327,rare,Big Mamma Pickle,CHUCKY_XS,0.54,108,765
1717353068297,common,Pike,alfiMS,0.9,9,221
1717353095889,uncommon,Peacock Bass,JohnnyQuizz,7.9,50,940
1717353150432,common,Black Spotted Grunt,Chimepa1,4.99,20,365
1717353171697,junk,Can,MikaHus,0.52,5,289
1717353275238,uncommon,Rabbitfish,sstop1231,1.87,33,54
1717353366579,rare,Rubber Ducky,lightb0011,0.08,80,136
1717353392960,junk,Some Keys,sione89,0.17,8,415
1717353492817,uncommon,Watch,mva255,0.21,52,54
1717353549861,junk,Coffee Cup,necroso7,0.23,2,342
1717353823560,uncommon,Fish Fillet Burger,staggerrilla,1.11,6,605
1717353845969,rare,Emperor Angelfish,bleepbloopinbot,1.32,62,521
1717353888030,legendary,Zero,thanossoul,8.2,614,824
1717353910438,uncommon,Electric Catfish,MikaHus,24,62,351
1717353931686,uncommon,Fish Fillet Burger,alfiMS,0.91,5,226
1717353953420,common,Perch,andrearghos,2.9,29,34
1717353975057,common,Black Redeye,t0x1nXz,32,24,158
1717353996484,common,Trout,JohnnyQuizz,0.91,14,954
1717354305154,junk,Nugget,lightb0011,0.21,2,138
1717354379387,common,Mackerel,stecherdesgrauens,1.62,16,1132
1717354446510,common,Atlantic Cod,necroso7,45,34,376
1717354487442,uncommon,Triggerfish,CHUCKY_XS,16.4,74,839
1717354509395,uncommon,Watch,Chimepa1,0.16,40,405
1717354531189,common,Black Redeye,sstop1231,43,32,86
1717354600143,uncommon,Butterfly Fish,andrearghos,0.1,45,79
1717354621967,common,Barracuda,JohnnyQuizz,10,33,987
1717354765385,junk,Scooter,goldneye1971,15,50,50
1717354787328,uncommon,Scrapermouth Mbuna,goldneye1971,0.2,40,90
1717354808654,common,Mussel,goldneye1971,0.08,8,98
1717354830602,uncommon,Butterfly Fish,goldneye1971,0.08,38,136
1717354865312,legendary,Whale Shark,goldneye1971,14,678,814
1717354887661,rare,Nimbochromis,thanossoul,2.78,60,884
1717354970560,common,Atlantic Cod,alfiMS,43,32,258
1717355024607,uncommon,Rabbitfish,staggerrilla,1.85,32,637
1717355047544,rare,Yellowtang,bleepbloopinbot,0.68,88,609
1717355144652,common,Barracuda,Chimepa1,7.9,26,431
1717355172567,rare,Big Mamma Pickle,WolfReborn,0.54,107,107
1717355212850,uncommon,Watch,CHUCKY_XS,0.18,44,883
1717355234197,junk,Some Keys,lightb0011,0.17,9,147
1717355257102,rare,Sunfish,sstop1231,794,88,174
1717355291289,junk,Trolley,necroso7,19.4,10,386
1717355312659,common,Mussel,t0x1nXz,0.11,11,169
1717355334156,common,Mackerel,JohnnyQuizz,1.7,17,1004
1717355608908,rare,Red Discus,MikaHus,0.38,86,437
1717355770569,common,Mussel,varmintkoss,0.11,11,11
1717355791924,junk,Some Keys,andrearghos,0.2,10,89
1717355815852,junk,Coffee Cup,Chimepa1,0.21,2,433
1717355840666,epic,Moorish Idol,zoskyb,2.03,183,277
1717355877317,common,Perch,thanossoul,2.76,28,912
1717356056306,common,Pike,sstop1231,0.92,9,183
1717356091419,common,Hermit Crab,lightb0011,0.91,18,165
1717356122513,rare,Emperor Angelfish,alfiMS,1.32,61,319
1717356235141,legendary,Whale Shark,staggerrilla,12,576,1213
1717356256940,common,Barracuda,bleepbloopinbot,9.7,32,641
1717356292726,uncommon,Golden Redeye Rudd,sione89,0.83,41,456
1717356331711,junk,Branch,MikaHus,0.44,2,439
1717356426351,junk,Some Keys,Ura3535,0.23,11,11
1717356455849,rare,Arapaima,JohnnyQuizz,90,90,1094
1717356513423,epic,Powderblue Tang,Chimepa1,0.79,158,591
1717356815839,common,Blue Discus,necroso7,0.21,21,407
1717356842011,uncommon,Golden Redeye Rudd,thanossoul,0.87,44,956
1717356913910,uncommon,Streaked Spinefoot,andrearghos,0.2,41,130
1717356943445,uncommon,Rabbitfish,sstop1231,2.02,35,218
1717356991247,uncommon,Starfish,CHUCKY_XS,0.1,29,912
1717357024708,common,Trout,MikaHus,0.95,14,453
1717357046070,junk,Tire,lightb0011,33,11,176
1717357113445,rare,Parrot Fish,JohnnyQuizz,2.02,71,1165
1717357139341,junk,Can,Chimepa1,0.47,5,596
1717357175477,junk,Vape,sirhunterr,0.22,11,300
1717357253431,junk,Tire,surfeus,27,9,153
1717357400425,legendary,Tiger Shark,t0x1nXz,541,324,493
1717357423848,epic,Pineapple,staggerrilla,1,5,1218
1717357445106,junk,Can,bleepbloopinbot,0.47,5,646
1717357467863,rare,Mahi Mahi,stecherdesgrauens,15,80,1212
1717357727903,common,Perch,necroso7,2.63,26,433
1717357750337,uncommon,Lobster,lightb0011,0.91,64,240
1717357795194,rare,Orangespined Unicornfish,JohnnyQuizz,1.12,84,1249
1717357816568,junk,Tire,Chimepa1,33,11,607
1717357837845,uncommon,Fish Fillet Burger,sstop1231,1.13,6,224
1717357864662,common,Pike,zoskyb,0.9,9,286
1717357907838,rare,Sailfish,alfiMS,59,76,395
1717357982461,common,Black Redeye,sione89,34,26,482
1717358023624,legendary,Joel the Sturgeon,thanossoul,306,306,1262
1717358060149,junk,Soda Can,WolfReborn,0.1,1,108
1717358124944,rare,Rubber Ducky,MikaHus,0.09,89,542
1717358146381,common,Trout,varmintkoss,0.94,14,25
1717358167713,junk,Traffic Cone,CHUCKY_XS,1.08,9,921
1717358402163,uncommon,Sea Urchin,JohnnyQuizz,0.2,31,1280
1717358427387,epic,Moorish Idol,sirhunterr,2.24,202,502
1717358461944,rare,Yellowtang,Chimepa1,0.78,100,707
1717358625483,uncommon,Electric Catfish,staggerrilla,22,57,1275
1717358648367,rare,Olive Ridley Turtle,bleepbloopinbot,43,87,733
1717358669698,junk,Traffic Cone,zoskyb,0.97,8,294
1717358740515,common,Perch,MikaHus,2.72,27,569
1717358855558,junk,Weird Drawing of a Fish?,thanossoul,0.56,11,1273
1717358879413,epic,Leatherback Turtle,alfiMS,386,135,530
1717359004115,uncommon,Rabbitfish,JohnnyQuizz,1.78,31,1311
1717359037594,rare,Piranha,puninupp,1.01,81,121
1717359058855,junk,Thong,necroso7,0.2,2,435
1717359091499,epic,Shrimp Toy,lightb0011,0.87,87,327
1717359125721,legendary,Tiger Shark,Chimepa1,421,253,960
1717359192856,legendary,Whale Shark,CHUCKY_XS,14,681,1602
1717359528781,junk,Some Keys,t0x1nXz,0.22,11,504
1717359557573,junk,Nugget,sirhunterr,0.17,2,504
1717359583364,epic,Shrimp Toy,MikaHus,0.99,99,668
1717359617653,common,Perch,JohnnyQuizz,2.73,27,1338
1717359665647,junk,Strange Vase,necroso7,0.52,10,445
1717359793949,common,Salmon,Chimepa1,3.55,27,987
1717359827786,epic,Old PC,staggerrilla,19.2,192,1467
1717359849601,uncommon,Streaked Spinefoot,bleepbloopinbot,0.17,33,766
1717359870927,junk,Mug,varmintkoss,0.46,9,34
1717359892668,common,Barracuda,sstop1231,8.9,30,254
1717360013138,junk,VHS Tape,sione89,0.53,21,503
1717360034555,common,Trout,alesas2,0.89,13,13
1717360141465,common,Carp,andrearghos,8.2,15,145
1717360235144,common,Atlantic Cod,MikaHus,39,29,697
1717360271829,rare,Arapaima,Hyper_Spectrum,89,89,89
1717360311229,legendary,Pink Rubber Ducky,Ura3535,4.66,373,384
1717360333437,rare,Rainbow Cichlid,JohnnyQuizz,0.41,53,1391
1717360380353,common,Barracuda,lightb0011,9.5,32,359
1717360437309,common,Hermit Crab,necroso7,1.07,21,466
1717360459121,uncommon,Scrapermouth Mbuna,Chimepa1,0.17,33,1020
1717360544429,uncommon,Watch,surfeus,0.17,44,197
1717360599089,common,Black Spotted Grunt,JohnnyQuizz,4.97,20,1411
1717360890167,common,Black Spotted Grunt,MikaHus,5.4,22,719
1717360912606,rare,Olive Ridley Turtle,CHUCKY_XS,32,64,1666
1717360937631,common,Blue Discus,JohnnyQuizz,0.16,16,1427
1717361024898,uncommon,Golden Redeye Rudd,staggerrilla,0.68,34,1501
1717361046684,common,Salmon,bleepbloopinbot,3.95,30,796
1717361158275,common,Pike,necroso7,0.86,9,475
1717361200550,uncommon,Electric Catfish,sione89,24,62,565
1717361223255,rare,Jellyfish Plushie,viktor123545,0.43,77,87
1717361316991,junk,CB Longneck,andrearghos,0.2,2,147
1717361459850,junk,Broken Sword,surfeus,1.1,110,307
1717361505611,rare,Red Discus,thanossoul,0.4,90,1363
1717361547078,epic,Foureye Butterflyfish,JohnnyQuizz,0.17,129,1556
1717361616358,common,Blue Discus,MikaHus,0.16,16,735
1717361658269,common,Hermit Crab,JohnnyQuizz,1.08,22,1578
1717361696987,rare,Red-knobbed Starfish,lightb0011,0.1,72,431
1717361778867,junk,Branch,JohnnyQuizz,0.46,2,1580
1717361800054,junk,Thong,necroso7,0.19,2,477
1717361848670,common,Carp,JohnnyQuizz,9,17,1597
1717361917915,junk,CB Longneck,sione89,0.18,2,567
1717361939584,common,Salmon,t0x1nXz,3.53,26,530
1717361962121,uncommon,Lobster,JohnnyQuizz,0.98,69,1666
1717362002919,rare,Nimbochromis,JohnnyQuizz,2.46,53,1719
1717362201303,rare,Yellowtang,CHUCKY_XS,0.59,76,1742
1717362228475,legendary,Tiger Shark,JohnnyQuizz,502,301,2020
1717362250294,common,Salmon,mva255,4.35,33,87
1717362271496,junk,Branch,staggerrilla,0.54,2,1503
1717362293157,common,Black Redeye,bleepbloopinbot,34,26,822
1717362343428,rare,Sunfish,Chimepa1,1,112,1132
1717362562535,junk,Tire,sione89,25,8,575
1717362660931,junk,Coffee Cup,necroso7,0.22,2,479
1717362719517,uncommon,Starfish,MikaHus,0.11,32,767
1717362741918,rare,Orange-Spotted Spinefoot,MikaHus,0.09,64,831
1717362829588,junk,Tire,JohnnyQuizz,25,8,2028
1717363052389,common,Atlantic Cod,thanossoul,38,29,1392
1717363094224,common,Black Spotted Grunt,lightb0011,5.1,20,451
1717363147516,junk,CB Longneck,Chimepa1,0.17,2,1134
1717363425763,rare,Emperor Angelfish,staggerrilla,1.4,65,1568
1717363447813,uncommon,Watch,bleepbloopinbot,0.18,44,866
1717363470353,rare,Green Sea Turtle,JohnnyQuizz,157,69,2097
1717363491677,junk,Vape,MikaHus,0.17,8,839
1717363513251,common,Mackerel,alfiMS,2.11,21,551
1717363641658,uncommon,Oyster,Euphorie7,0.44,52,52
1717363688133,common,Atlantic Cod,CHUCKY_XS,33,25,1767
1717363711950,junk,Can,lightb0011,0.51,5,456
1717363734891,epic,Shrimp Toy,sione89,0.89,89,664
1717364072890,uncommon,Peacock Bass,JohnnyQuizz,7.9,49,2146
1717364094764,uncommon,Frontosa Cichlid,necroso7,0.53,37,516
1717364116875,uncommon,Koi,MikaHus,11.9,47,886
1717364334350,junk,Some Keys,Chimepa1,0.2,10,1144
1717364415504,epic,Old PC,lightb0011,21,211,667
1717364538091,epic,Foureye Butterflyfish,kolyaoleksyuk,0.17,127,163
1717364626740,epic,Lion Fish,staggerrilla,0.91,109,1677
1717364666409,common,Atlantic Cod,bleepbloopinbot,41,31,897
1717364967001,common,Perch,Euphorie7,2.49,25,25
1717364988545,common,Hermit Crab,MikaHus,1,20,20
1717365009861,junk,Traffic Cone,necroso7,0.88,7,7
1717365031884,uncommon,Scrapermouth Mbuna,sione89,0.22,43,43
1717365054131,uncommon,Peacock Bass,JohnnyQuizz,8.8,55,55
1717365264464,rare,Green Sea Turtle,crayzeyez,161,70,70
1717365432432,common,Black Redeye,thanossoul,37,28,28
1717365679636,uncommon,Butterfly Fish,varmintkoss,0.1,44,44
1717365723943,common,Perch,CHUCKY_XS,2.83,28,28
1717365745749,uncommon,Sea Urchin,JohnnyQuizz,0.21,32,87
1717365767602,uncommon,Frontosa Cichlid,fscktfs,0.5,35,35
1717365789336,junk,Bike,lightb0011,9.7,29,29
1717365813579,epic,Powderblue Tang,crayzeyez,0.77,154,224
1717365835811,rare,Rainbow Cichlid,staggerrilla,0.41,53,53
1717365858242,rare,Emperor Angelfish,bleepbloopinbot,1.38,64,64
1717365882265,epic,Powderblue Tang,MikaHus,0.71,142,162
1717365972296,junk,Tire,zoskyb,25,8,8
1717366005158,rare,Arapaima,Euphorie7,101,101,126
1717366035529,junk,Coffee Cup,thanossoul,0.2,2,30
1717366118272,rare,Emperor Angelfish,athne1,1.64,77,77
1717366140185,uncommon,Butterfly Fish,t0x1nXz,0.08,38,38
1717366161514,junk,Trolley,crayzeyez,18.1,9,233
1717366583316,common,Salmon,zoskyb,4.19,31,39
1717366604511,epic,Sponge,sione89,0.09,2,45
1717366625837,junk,Vape,JohnnyQuizz,0.17,8,95
1717366656026,legendary,Golden Crown,Pochenchou,0.9,452,452
1717366681143,rare,Sailfish,thanossoul,76,98,128
1717366747549,common,Atlantic Cod,CHUCKY_XS,35,26,54
1717367025413,uncommon,Frontosa Cichlid,staggerrilla,0.44,31,84
1717367048466,rare,Red Discus,bleepbloopinbot,0.42,95,159
1717367069788,junk,Traffic Cone,Euphorie7,0.95,8,134
1717367093831,epic,Loggerhead Turtle,necroso7,138,143,150
1717367222052,junk,Tire,crayzeyez,29,10,243
1717367249719,common,Mackerel,JohnnyQuizz,2.13,21,116
1717367350763,common,Blue Discus,thanossoul,0.22,22,150
1717367580136,rare,Nimbochromis,varmintkoss,2.41,52,96
1717367691179,junk,Can,necroso7,0.41,4,154
1717367919221,common,Hermit Crab,crayzeyez,1.03,21,264
1717368185523,epic,Sponge,thanossoul,0.09,2,152
1717368207853,rare,Rainbow Cichlid,sione89,0.46,59,104
1717368229864,uncommon,Streaked Spinefoot,staggerrilla,0.22,43,127
1717368251381,common,Mackerel,bleepbloopinbot,1.82,18,177
1717368400062,epic,Moorish Idol,necroso7,1.9,171,325
1717368484450,junk,CB Longneck,andrearghos,0.17,2,2
1717368643796,uncommon,Peacock Bass,CHUCKY_XS,8.5,53,107
1717368685054,legendary,Diamond,JohnnyQuizz,0.1,1,1119
1717368799207,junk,Soda Can,mva255,0.1,1,1
1717368880479,common,Perch,thanossoul,3.19,32,184
1717368995771,junk,CB Longneck,sione89,0.19,2,106
1717369386175,rare,Yellowtang,necroso7,0.63,81,406
1717369426670,uncommon,Oyster,staggerrilla,0.44,53,180
1717369447871,junk,Coffee Cup,bleepbloopinbot,0.19,2,179
1717369552913,common,Atlantic Cod,lightb0011,41,31,60
1717369574274,junk,Trolley,thanossoul,19.8,10,194
1717369663990,junk,CB Longneck,crayzeyez,0.19,2,266
1717369914596,junk,Some Keys,andrearghos,0.19,9,11
1717369936227,junk,Bike,stecherdesgrauens,8,24,24
1717369988558,uncommon,Oyster,necroso7,0.44,52,458
1717370081178,junk,Nugget,Euphorie7,0.18,2,136
1717370209194,uncommon,Sea Urchin,JohnnyQuizz,0.18,27,1146
1717370336345,rare,Nimbochromis,t0x1nXz,3.34,72,110
1717370619692,uncommon,Lobster,necroso7,1.02,71,529
1717370641627,uncommon,Frontosa Cichlid,staggerrilla,0.55,38,218
1717370665794,epic,Orange Mandarin Fish,bleepbloopinbot,0.17,150,329
1717370687545,uncommon,Starfish,thanossoul,0.1,30,224
1717371056680,junk,Funny Metal Tubes,athne1,0.2,2,79
1717371110653,common,Mackerel,zoskyb,1.85,19,58
1717371138488,uncommon,Red Eye Fish,crayzeyez,2.14,30,296
1717371245695,uncommon,Rabbitfish,RClearDiamond,1.98,35,35
1717371347734,uncommon,Watch,andrearghos,0.16,41,52
1717371389475,legendary,Manta Ray,mva255,1,555,556
1717371410725,uncommon,Fish Fillet Burger,JohnnyQuizz,0.98,5,1151
1717371473525,rare,Wahoo,lightb0011,14,90,150
1717371789704,junk,Bike,thanossoul,9.3,28,252
1717371827602,uncommon,Triggerfish,staggerrilla,16.9,76,294
1717371848804,junk,Thong,bleepbloopinbot,0.18,2,331
1717371871034,uncommon,Koi,necroso7,13.4,53,582
1717372000082,uncommon,Red Eye Fish,andrearghos,2.4,34,86
1717372022297,rare,Nimbochromis,crayzeyez,2.43,53,349
1717372363072,uncommon,Electric Catfish,JohnnyQuizz,22,58,1209
1717372384271,junk,Coffee Cup,zoskyb,0.19,2,60
1717372486691,rare,Jellyfish Plushie,necroso7,0.52,94,676
1717372549136,rare,Mahi Mahi,crayzeyez,12.9,69,418
1717372819971,uncommon,Sea Urchin,crayzeyez,0.2,29,447
1717372841646,common,Salmon,andrearghos,3.53,26,112
1717372882275,uncommon,Watch,CHUCKY_XS,0.22,54,161
1717373026758,common,Perch,staggerrilla,2.86,29,323
1717373048197,junk,Traffic Cone,bleepbloopinbot,1.09,9,340
1717373172829,junk,Tire,necroso7,31,10,686
1717373195655,rare,Marlin,sione89,252,84,190
1717373223497,common,Atlantic Cod,thanossoul,37,28,280
1717373252000,uncommon,Triggerfish,JohnnyQuizz,19.2,86,1295
1717373279231,junk,Bike,t0x1nXz,10.3,31,141
1717373954929,epic,Swordfish,JohnnyQuizz,261,209,1504
1717373994936,rare,Arapaima,thanossoul,102,102,382
1717374024567,legendary,Tiger Shark,andrearghos,559,336,448
1717374227639,rare,Green Sea Turtle,staggerrilla,151,66,389
1717374249444,common,Salmon,bleepbloopinbot,4.15,31,371
1717374470165,junk,Scooter,zoskyb,14.1,47,107
1717374608848,common,Salmon,necroso7,3.34,25,711
1717374637979,rare,Sunfish,thanossoul,1,113,495
1717374862885,uncommon,Rabbitfish,JohnnyQuizz,1.61,28,1532
1717375078095,uncommon,Murex Shellfish,lightb0011,0.54,43,193
1717375100526,rare,Orange-Spotted Spinefoot,andrearghos,0.09,63,511
1717375193416,uncommon,Watch,crayzeyez,0.2,50,497
1717375214865,junk,Weird Drawing of a Fish?,t0x1nXz,0.54,11,152
1717375261560,common,Blue Discus,necroso7,0.21,21,732
1717375285837,epic,Powderblue Tang,fluffythevikingdude,0.77,155,155
1717375307339,junk,VHS Tape,staggerrilla,0.41,16,405
1717375427005,junk,Henry's Shoe,bleepbloopinbot,1.8,4,375
1717375526729,rare,Nimbochromis,JohnnyQuizz,2.64,57,1589
1717375564538,rare,Red Discus,thanossoul,0.43,97,592
1717375774758,junk,Coffee Cup,lightb0011,0.18,2,195
1717376067243,legendary,Zero,necroso7,8.1,604,1336
1717376107162,legendary,Diamond,andrearghos,0.09,937,1448
1717376151507,common,Mussel,JohnnyQuizz,0.1,10,1599
1717376172886,junk,Mug,sione89,0.4,8,198
1717376407215,legendary,Croissant Shark,staringBunny,0.92,231,231
1717376514326,common,Carp,t0x1nXz,7.7,14,166
1717376535772,common,Carp,thanossoul,6.7,13,605
1717376603037,junk,VHS Tape,CHUCKY_XS,0.54,22,183
1717376633511,legendary,Tiger Shark,staggerrilla,545,327,732
1717376656861,rare,Sunfish,bleepbloopinbot,983,109,484
1717376685726,common,Black Redeye,necroso7,38,29,1365
1717376749195,common,Mackerel,andrearghos,1.99,20,1468
1717376848315,junk,Thong,lightb0011,0.2,2,197
1717376890766,junk,Branch,JohnnyQuizz,0.55,2,1601
1717377073015,rare,Emperor Angelfish,crayzeyez,1.39,65,562
1717377450025,uncommon,Golden Redeye Rudd,sione89,0.77,39,237
1717377471234,junk,Branch,andrearghos,0.52,2,1470
1717377498063,rare,Tuna,thanossoul,245,117,722
1717377522227,junk,CB Longneck,necroso7,0.18,2,1367
1717377730701,junk,Can,Euphorie7,0.41,4,140
1717377751997,junk,Traffic Cone,JohnnyQuizz,0.86,7,1608
1717377826952,junk,CB Longneck,staggerrilla,0.18,2,734
1717377849706,uncommon,Triggerfish,bleepbloopinbot,17.3,78,562
1717377915289,junk,Tire,crayzeyez,26,9,571
1717378004793,uncommon,Fish Fillet Burger,lightb0011,1.07,5,202
1717378087566,uncommon,Starfish,andrearghos,0.1,29,1499
1717378109162,common,Black Spotted Grunt,CHUCKY_XS,4.89,20,203
1717378134733,junk,Branch,thanossoul,0.44,2,724
1717378386657,rare,Oreochromis,JohnnyQuizz,2.6,87,1695
1717378645327,junk,Traffic Cone,necroso7,0.99,8,1375
1717378668037,rare,Yellowtang,lightb0011,0.59,76,278
1717378842357,junk,Scooter,andrearghos,15.1,50,1549
1717379027216,junk,Weird Drawing of a Fish?,staggerrilla,0.5,10,744
1717379048980,common,Barracuda,bleepbloopinbot,9.1,30,592
1717379094981,junk,Branch,ottershine,0.45,2,2
1717379116663,common,Barracuda,thanossoul,8.5,28,752
1717379277512,epic,Yellow Mandarin Fish,necroso7,0.23,203,1578
1717379325173,epic,Orange Discus,crayzeyez,0.28,101,672
1717379557842,common,Mackerel,andrearghos,1.9,19,1568
1717379662330,junk,Soda Can,JohnnyQuizz,0.08,1,1696
1717379936625,common,Carp,Ura3535,7.5,14,14
1717380051455,rare,Oreochromis,lightb0011,2.44,81,359
1717380073197,common,Atlantic Cod,thanossoul,40,30,782
1717380103401,junk,Soda Can,necroso7,0.1,1,1579
1717380172021,rare,Wahoo,surfeus,13.7,88,88
1717380193225,junk,Coffee Cup,andrearghos,0.17,2,1570
1717380227804,uncommon,Starfish,staggerrilla,0.1,29,773
1717380249622,uncommon,Streaked Spinefoot,bleepbloopinbot,0.16,32,624
1717380738286,junk,Funny Metal Tubes,JohnnyQuizz,0.2,2,1698
1717380762989,common,Carp,necroso7,8.9,17,1596
1717380802013,junk,Car,andrearghos,1,336,1906
1717380985422,uncommon,Murex Shellfish,CHUCKY_XS,0.41,33,236
1717381016735,junk,Strange Vase,lightb0011,0.46,9,368
1717381313687,junk,Trolley,seligchan,18.4,9,9
1717381335501,common,Barracuda,thanossoul,9.2,31,813
1717381356871,junk,Some Keys,surfeus,0.18,9,97
1717381430907,epic,Yellow Mandarin Fish,staggerrilla,0.2,176,949
1717381452270,junk,Some Keys,bleepbloopinbot,0.19,10,634
1717381474125,common,Perch,andrearghos,3.39,34,1940
1717381495549,common,Carp,JohnnyQuizz,7,13,1711
1717381516989,common,Mussel,zoskyb,0.11,11,118
1717381677179,common,Pike,necroso7,1.11,11,1607
1717381986800,rare,Nimbochromis,alfiMS,3.2,69,69
1717382016436,uncommon,Scrapermouth Mbuna,lightb0011,0.22,44,412
1717382089208,common,Salmon,andrearghos,3.64,27,1967
1717382382683,common,Mackerel,CHUCKY_XS,2.04,20,256
1717382456771,common,Atlantic Cod,necroso7,36,27,1634
1717382478538,common,Salmon,JohnnyQuizz,4.14,31,1742
1717382503579,epic,Swordfish,necroso7,243,194,1828
1717382532897,common,Barracuda,thanossoul,9.1,30,843
1717382627976,junk,VHS Tape,staggerrilla,0.55,22,971
1717382651561,epic,Lion Fish,bleepbloopinbot,1,120,754
1717382673128,common,Blue Discus,crayzeyez,0.21,21,693
1717382694587,common,Carp,necroso7,8.7,16,1844
1717382742914,common,Mussel,andrearghos,0.1,10,1977
1717382814863,epic,Orange Discus,necroso7,0.3,111,1955
1717382893817,uncommon,Starfish,surfeus,0.09,27,124
1717382916487,rare,Green Sea Turtle,lightb0011,174,76,488
1717383063351,uncommon,Rabbitfish,necroso7,1.69,30,1985
1717383084715,junk,Nugget,JohnnyQuizz,0.17,2,1744
1717383105972,junk,Henry's Shoe,andrearghos,2.02,5,1982
1717383153694,common,Barracuda,thanossoul,9.6,32,875
1717383176099,rare,Orangespined Unicornfish,JohnnyQuizz,0.82,62,1806
1717383239160,rare,Orangespined Unicornfish,JohnnyQuizz,1.02,76,1882
1717383307007,common,Mussel,JohnnyQuizz,0.11,11,1893
1717383362532,junk,Scooter,crayzeyez,12.1,40,733
1717383383998,common,Carp,crayzeyez,8.7,16,749
1717383405202,junk,Nugget,andrearghos,0.19,2,1984
1717383437389,rare,Sailfish,andrearghos,76,97,2081
1717383502800,uncommon,Triggerfish,JohnnyQuizz,19,85,1978
1717383567834,common,Trout,JohnnyQuizz,0.97,15,1993
1717383634887,rare,Red-knobbed Starfish,JohnnyQuizz,0.11,76,2069
1717383668856,common,Pike,necroso7,0.94,9,1994
1717383694226,uncommon,Rabbitfish,JohnnyQuizz,2.08,36,2105
1717383715403,junk,Soda Can,JohnnyQuizz,0.08,1,2106
1717383767911,rare,Wahoo,JohnnyQuizz,13.4,86,2192
1717383829057,uncommon,Sea Urchin,staggerrilla,0.17,26,997
1717383850582,common,Mackerel,bleepbloopinbot,1.84,18,772
1717383920087,common,Pike,viktor123545,1,10,10
1717384170122,rare,Wahoo,thanossoul,11.8,76,76
1717384192998,uncommon,Triggerfish,surfeus,18.5,83,83
1717384286177,common,Mussel,taylor047,0.1,10,10
1717384354584,rare,Sunfish,crayzeyez,1,111,111
1717384903778,junk,Soda Can,zoskyb,0.09,1,1
1717384927167,uncommon,Koi,taylor047,12.4,49,59
1717385028796,uncommon,Peacock Bass,staggerrilla,7.3,46,46
1717385050002,junk,CB Longneck,bleepbloopinbot,0.19,2,2
1717385071211,junk,Thong,surfeus,0.18,2,85
1717385385504,epic,Pineapple,lightb0011,0.91,5,5
1717385408065,rare,Emperor Angelfish,crayzeyez,1.53,71,182
1717385563946,legendary,Joel the Sturgeon,taylor047,292,292,351
1717385737030,common,Blue Discus,zoskyb,0.16,16,17
1717385758900,common,Barracuda,andrearghos,10.1,34,34
1717385781706,common,Barracuda,surfeus,9,30,115
1717386012889,rare,Olive Ridley Turtle,crayzeyez,39,79,261
1717386131356,junk,Coffee Cup,lightb0011,0.22,2,7
1717386172654,uncommon,Rabbitfish,taylor047,2.12,37,388
1717386231105,epic,Moorish Idol,staggerrilla,1.69,152,198
1717386252819,common,Perch,bleepbloopinbot,2.67,27,29
1717386344839,junk,CB Longneck,necroso7,0.16,2,2
1717386835547,common,Atlantic Cod,lightb0011,45,34,41
1717386928868,uncommon,Murex Shellfish,crayzeyez,0.5,40,301
1717386951811,epic,Shrimp Toy,taylor047,0.81,81,469
1717387205411,epic,Orange Discus,surfeus,0.31,113,228
1717387428344,epic,Pineapple,staggerrilla,1,5,203
1717387451454,rare,Marlin,bleepbloopinbot,293,98,127
1717387488735,common,Carp,stecherdesgrauens,8.7,16,16
1717387585154,junk,Weird Drawing of a Fish?,taylor047,0.52,10,479
1717387616424,uncommon,Lobster,necroso7,0.95,66,68
1717387835947,junk,Fish Cracker,Pochenchou,0.48,5,5
1717388189504,epic,Powderblue Tang,taylor047,0.85,171,650
1717388387733,common,Blue Discus,surfeus,0.21,21,249
1717388449371,junk,Vape,lightb0011,0.2,10,51
1717388470921,common,Mackerel,Pochenchou,1.9,19,24
1717388616398,common,Carp,alfiMS,6.6,12,12
1717388641109,epic,Eagle Ray,staggerrilla,186,178,381
1717388662359,junk,Nugget,bleepbloopinbot,0.17,2,129
1717388686364,epic,Leatherback Turtle,zoskyb,414,145,162
1717388797252,junk,Branch,mrdes1gner,0.53,2,2
1717388818595,junk,Vape,taylor047,0.16,8,658
1717389205215,legendary,Croissant Shark,surfeus,1.12,280,529
1717389246864,uncommon,Electric Catfish,stecherdesgrauens,19.9,52,68
1717389333645,uncommon,Scrapermouth Mbuna,necroso7,0.18,35,103
1717389355130,common,Trout,crayzeyez,1.08,16,317
1717389386423,junk,VHS Tape,1ggrizzlyy1,0.49,20,20
1717389441039,junk,CB Longneck,mrdes1gner,0.2,2,4
1717389585591,legendary,Zero,taylor047,9.2,688,1346
1717389628585,rare,Arapaima,lightb0011,88,88,139
1717389680977,common,Blue Discus,CHUCKY_XS,0.2,20,20
1717389830494,rare,Big Mamma Pickle,staggerrilla,0.47,93,474
1717389851851,junk,Strange Vase,bleepbloopinbot,0.5,10,139
1717389952046,junk,Can,ragnar175,0.45,4,4
1717390133993,common,Blue Discus,ReioKimura,0.18,18,18
1717390155247,epic,Pineapple,mrdes1gner,1.01,5,9
1717390348700,common,Atlantic Cod,necroso7,42,32,135
1717390412252,common,Barracuda,surfeus,7.4,25,554
1717390434092,common,Salmon,Pochenchou,4.31,32,56
1717390559593,junk,Scooter,lightb0011,15,50,189
1717390627163,junk,Skateboard,leonidovy4,3.07,51,51
1717390666241,common,Pike,staggerrilla,0.91,9,483
1717390871073,junk,Nugget,mrdes1gner,0.21,2,11
